nFb,nome,azione,caneEsistente,stato,archiviato,statoDal,fotoCopertina,altreFoto,nFoto,descrizione,nota,linkFacebook
1,Aaron,crea,,adottato,SI,2018-10-27,Aaron.jpg,,1,,"Adottato prima dell'uso dell'app (post Facebook del 27/10/2018, data approssimativa).",https://www.facebook.com/photo/?fbid=498065250670070
2,Akira,crea,,adottato,SI,2018-12-17,Akira.jpg,,1,,"Adottato prima dell'uso dell'app (post Facebook del 17/12/2018, data approssimativa).",https://www.facebook.com/photo/?fbid=527373904405871
3,Angy,crea,,adottato,SI,2019-10-21,Angy.jpg,,1,,"Adottato prima dell'uso dell'app (post Facebook del 21/10/2019, data approssimativa).",https://www.facebook.com/photo/?fbid=711336156009644
4,Arturo,crea,,adottato,SI,2018-10-27,Arturo.jpg,,1,,"Adottato prima dell'uso dell'app (post Facebook del 27/10/2018, data approssimativa).",https://www.facebook.com/photo/?fbid=498068524003076
5,Babà,crea,,adottato,SI,2018-10-27,Baba.jpg,,1,"Eccole qui le 6 dolcissime meraviglie ! Talmente dolci he abbiamo deciso di mettere a queste bimbe dei nomi zuccherosi. 
Taglia piccola ( la mamma è una pincher) tutte femmine , hanno meno di un mese .
Si affideranno esclusivamente dopo il completo svezzamento e la normale profilassi . 
Controlli Pre e post affido.
PER INFO. 3401518100","Adottato prima dell'uso dell'app (post Facebook del 27/10/2018, data approssimativa). Prima era in adozione a distanza (post del 20/09/2017)",https://www.facebook.com/photo/?fbid=498065574003371
6,Bia,crea,,adottato,SI,2018-10-27,Bia.jpg,Bia_2.jpg|Bia_3.jpg,3,"BIA 
La definirei zuccherosa,  pensa di essere un  fuscello e salta in braccio a chiunque le dia semplicemente uno sguardo , tanto bisognosa d'affetto !
---
Bia, terrorizzata dal genere umano , sporca e denutrita,  dopo essere stata trovata ha trascorso due giorni con lo sguardo verso il muro per la paura di essere ancora picchiata . 
Guardatela ora 😍","Adottato prima dell'uso dell'app (post Facebook del 27/10/2018, data approssimativa). Prima era in adozione a distanza (post del 13/09/2017)",https://www.facebook.com/photo/?fbid=498067387336523
7,Bignè,crea,,adottato,SI,2018-10-27,Bigne.jpg,,1,"Eccole qui le 6 dolcissime meraviglie ! Talmente dolci he abbiamo deciso di mettere a queste bimbe dei nomi zuccherosi. 
Taglia piccola ( la mamma è una pincher) tutte femmine , hanno meno di un mese .
Si affideranno esclusivamente dopo il completo svezzamento e la normale profilassi . 
Controlli Pre e post affido.
PER INFO. 3401518100","Adottato prima dell'uso dell'app (post Facebook del 27/10/2018, data approssimativa). Prima era in adozione a distanza (post del 20/09/2017)",https://www.facebook.com/photo/?fbid=498065534003375
8,Biscotto,crea,,adottato,SI,2019-10-21,Biscotto.jpg,,1,,"Adottato prima dell'uso dell'app (post Facebook del 21/10/2019, data approssimativa).",https://www.facebook.com/photo/?fbid=711335972676329
9,Brenda,crea,,adottato,SI,2018-12-17,Brenda.jpg,,1,,"Adottato prima dell'uso dell'app (post Facebook del 17/12/2018, data approssimativa).",https://www.facebook.com/photo/?fbid=527373924405869
10,Brontolo,crea,,adottato,SI,2018-10-27,Brontolo.jpg,,1,,"Adottato prima dell'uso dell'app (post Facebook del 27/10/2018, data approssimativa).",https://www.facebook.com/photo/?fbid=498065744003354
11,Bruce,crea,,adottato,SI,2018-10-27,Bruce.jpg,,1,,"Adottato prima dell'uso dell'app (post Facebook del 27/10/2018, data approssimativa).",https://www.facebook.com/photo/?fbid=498065154003413
12,Cake,crea,,adottato,SI,2018-10-27,Cake.jpg,,1,"Eccole qui le 6 dolcissime meraviglie ! Talmente dolci he abbiamo deciso di mettere a queste bimbe dei nomi zuccherosi. 
Taglia piccola ( la mamma è una pincher) tutte femmine , hanno meno di un mese .
Si affideranno esclusivamente dopo il completo svezzamento e la normale profilassi . 
Controlli Pre e post affido.
PER INFO. 3401518100","Adottato prima dell'uso dell'app (post Facebook del 27/10/2018, data approssimativa). Prima era in adozione a distanza (post del 20/09/2017)",https://www.facebook.com/photo/?fbid=498065434003385
13,Candy,crea,,adottato,SI,2018-10-27,Candy.jpg,,1,"Eccole qui le 6 dolcissime meraviglie ! Talmente dolci he abbiamo deciso di mettere a queste bimbe dei nomi zuccherosi. 
Taglia piccola ( la mamma è una pincher) tutte femmine , hanno meno di un mese .
Si affideranno esclusivamente dopo il completo svezzamento e la normale profilassi . 
Controlli Pre e post affido.
PER INFO. 3401518100","Adottato prima dell'uso dell'app (post Facebook del 27/10/2018, data approssimativa). Prima era in adozione a distanza (post del 20/09/2017)",https://www.facebook.com/photo/?fbid=498065377336724
14,Chanel,crea,,adottato,SI,2018-12-17,Chanel.jpg,Chanel_2.jpg|Chanel_3.jpg|Chanel_4.jpg|Chanel_5.jpg|Chanel_6.jpg|Chanel_7.jpg|Chanel_8.jpg,8,,"Adottato prima dell'uso dell'app (post Facebook del 17/12/2018, data approssimativa).",https://www.facebook.com/photo/?fbid=527373841072544
15,Chiara,crea,,adottato,SI,2019-01-29,Chiara.jpg,,1,,"Adottato prima dell'uso dell'app (post Facebook del 29/01/2019, data approssimativa).",https://www.facebook.com/photo/?fbid=550766412066620
16,Chloe,crea,,adottato,SI,2018-12-17,Chloe.jpg,Chloe_2.jpg,2,,"Adottato prima dell'uso dell'app (post Facebook del 17/12/2018, data approssimativa).",https://www.facebook.com/photo/?fbid=527373814405880
17,Dadina,crea,,adottato,SI,2018-10-27,Dadina.jpg,,1,,"Adottato prima dell'uso dell'app (post Facebook del 27/10/2018, data approssimativa).",https://www.facebook.com/photo/?fbid=498065017336760
18,Diana,solo_foto,Diana,,,,Diana.jpg,Diana_2.jpg|Diana_3.jpg,3,,,https://www.facebook.com/photo/?fbid=711335742676352
19,Dior,crea,,adottato,SI,2018-10-27,Dior.jpg,,1,,"Adottato prima dell'uso dell'app (post Facebook del 27/10/2018, data approssimativa).",https://www.facebook.com/photo/?fbid=498065770670018
20,Dixie,crea,,adottato,SI,2018-10-27,Dixie.jpg,Dixie_2.jpg,2,,"Adottato prima dell'uso dell'app (post Facebook del 27/10/2018, data approssimativa).",https://www.facebook.com/photo/?fbid=498065834003345
21,Farah,crea,,adottato,SI,2019-10-21,Farah.jpg,,1,,"Adottato prima dell'uso dell'app (post Facebook del 21/10/2019, data approssimativa).",https://www.facebook.com/photo/?fbid=711336266009633
22,Floppy,crea,,adottato,SI,2018-10-27,Floppy.jpg,Floppy_2.jpg|Floppy_3.jpg|Floppy_4.jpg|Floppy_5.jpg|Floppy_6.jpg|Floppy_7.jpg|Floppy_8.jpg|Floppy_9.jpg|Floppy_10.jpg|Floppy_11.jpg|Floppy_12.jpg|Floppy_13.jpg|Floppy_14.jpg|Floppy_15.jpg|Floppy_16.jpg|Floppy_17.jpg|Floppy_18.jpg|Floppy_19.jpg|Floppy_20.jpg,20,"Il piccolo Floppy a soli tre mesi ne ha già passate tante , figlio di una randagia e fratello di altri 5 cuccioli è stato investito e abbandonato a se stesso . 
Soccorso da alcune volontarie è stato operato per ben due volte per cercare di recuperare sia la frattura scomposta ed esposta che la frattura del bacino .
Ora si trova in stallo presso una volontaria ma cerca disperatamente una casa che lo accolga e una famiglia che lo ami per tutta la vita .
Aiutateci a trovare una famiglia per lui !
❤ per info. 3401518100
---
Floppy sta migliorando ! Alla visita di controllo ci diranno che tipo di fisioterapia fare per poterlo aiutare nel suo percorso !
---
La visita di controllo di Floppy è andata bene , la zampa rimarrà rigida ma lui ha trovato il suo equilibrio e corre felice ! 
Aiutateci a trovare adozione per lui . 
PER INFO 340 1518100
---
FLOPPY 
Che dire del nostro piccolo sventurato ... nella sfortuna ha incontrato noi e soprattutto una volontaria che gli vuole un bene Dell'anima 😍
---
Floppy investito  e barbaramente abbandonato alla sua sorte , è stato soccorso da noi e ricoverato in una clinica in cui ha subito due interventi per cercare di sistemare le fratture multiple di cui una esposta e una al bacino .
Ora è bellissimo e vispo .... la ripresa è palese anche se c'è ancora un po' di strada da fare .","Adottato prima dell'uso dell'app (post Facebook del 27/10/2018, data approssimativa). Prima era in adozione a distanza (post del 13/09/2017)",https://www.facebook.com/photo/?fbid=498064790670116
23,Flora,solo_foto,Flora,,,,Flora.jpg,Flora_2.jpg|Flora_3.jpg|Flora_4.jpg,4,,,https://www.facebook.com/photo/?fbid=581335379009723
24,Ginevra,crea,,adottato,SI,2018-10-27,Ginevra.jpg,,1,,"Adottato prima dell'uso dell'app (post Facebook del 27/10/2018, data approssimativa).",https://www.facebook.com/photo/?fbid=498067477336514
25,Grace,crea,,adottato,SI,2018-10-27,Grace.jpg,,1,,"Adottato prima dell'uso dell'app (post Facebook del 27/10/2018, data approssimativa).",https://www.facebook.com/photo/?fbid=498064634003465
26,Ice,crea,,adottato,SI,2018-10-27,Ice.jpg,,1,,"Adottato prima dell'uso dell'app (post Facebook del 27/10/2018, data approssimativa).",https://www.facebook.com/photo/?fbid=498064680670127
27,Kratos,crea,,adottato,SI,2018-10-27,Kratos.jpg,Kratos_2.jpg|Kratos_3.jpg,3,"KRATOS 
Lui e Bia sono i più grandi della cucciolata stupendi , dolcissimi , impareggiabili , ma io sono di parte ❤
---
Kratos, c'è stato segnalato e per sua fortuna ci siamo presi cura di lui ... e ora.. 4 mesi oltre 12 kg di splendore !","Adottato prima dell'uso dell'app (post Facebook del 27/10/2018, data approssimativa). Prima era in adozione a distanza (post del 13/09/2017)",https://www.facebook.com/photo/?fbid=498067344003194
28,Layla,crea,,adottato,SI,2019-10-21,Layla.jpg,Layla_2.jpg|Layla_3.jpg|Layla_4.jpg|Layla_5.jpg|Layla_6.jpg|Layla_7.jpg|Layla_8.jpg|Layla_9.jpg|Layla_10.jpg|Layla_11.jpg|Layla_12.jpg|Layla_13.jpg|Layla_14.jpg|Layla_15.jpg|Layla_16.jpg,16,"La nostra splendida Layla aspetta ancora una famiglia!
Ha bisogno di tutti voi 💕❤️💕
Circa 6 7 mesi, taglia media.
Si affida sverminata e vaccinata.
Per info  ☎️ 3401518100","Adottato prima dell'uso dell'app (post Facebook del 21/10/2019, data approssimativa). Prima era in adozione a distanza (post del 02/05/2019)",https://www.facebook.com/photo/?fbid=711335846009675
29,Leo,crea,,adottato,SI,2018-10-27,Leo.jpg,,1,,"Adottato prima dell'uso dell'app (post Facebook del 27/10/2018, data approssimativa).",https://www.facebook.com/photo/?fbid=498065064003422
30,Luna,crea,,adottato,SI,2018-10-27,Luna.jpg,,1,,"Adottato prima dell'uso dell'app (post Facebook del 27/10/2018, data approssimativa).",https://www.facebook.com/photo/?fbid=498065284003400
31,Marta,crea,,adottato,SI,2019-10-21,Marta.jpg,,1,,"Adottato prima dell'uso dell'app (post Facebook del 21/10/2019, data approssimativa).",https://www.facebook.com/photo/?fbid=711336012676325
32,Max,solo_foto,Max,,,,Max.jpg,Max_2.jpg,2,,,https://www.facebook.com/photo/?fbid=498067714003157
33,Miele,crea,,adottato,SI,2019-10-21,Miele.jpg,Miele_2.jpg|Miele_3.jpg|Miele_4.jpg|Miele_5.jpg|Miele_6.jpg|Miele_7.jpg|Miele_8.jpg|Miele_9.jpg|Miele_10.jpg|Miele_11.jpg,11,,"Adottato prima dell'uso dell'app (post Facebook del 21/10/2019, data approssimativa). Prima era in adozione a distanza (post del 02/05/2019)",https://www.facebook.com/photo/?fbid=711336199342973
34,Milka,crea,,adottato,SI,2018-10-27,Milka.jpg,,1,"Eccole qui le 6 dolcissime meraviglie ! Talmente dolci he abbiamo deciso di mettere a queste bimbe dei nomi zuccherosi. 
Taglia piccola ( la mamma è una pincher) tutte femmine , hanno meno di un mese .
Si affideranno esclusivamente dopo il completo svezzamento e la normale profilassi . 
Controlli Pre e post affido.
PER INFO. 3401518100","Adottato prima dell'uso dell'app (post Facebook del 27/10/2018, data approssimativa). Prima era in adozione a distanza (post del 20/09/2017)",https://www.facebook.com/photo/?fbid=498065464003382
35,Milly,crea,,adottato,SI,2018-10-27,Milly.jpg,,1,,"Adottato prima dell'uso dell'app (post Facebook del 27/10/2018, data approssimativa).",https://www.facebook.com/photo/?fbid=498069707336291
36,Muffin,crea,,adottato,SI,2018-10-27,Muffin.jpg,,1,"Eccole qui le 6 dolcissime meraviglie ! Talmente dolci he abbiamo deciso di mettere a queste bimbe dei nomi zuccherosi. 
Taglia piccola ( la mamma è una pincher) tutte femmine , hanno meno di un mese .
Si affideranno esclusivamente dopo il completo svezzamento e la normale profilassi . 
Controlli Pre e post affido.
PER INFO. 3401518100","Adottato prima dell'uso dell'app (post Facebook del 27/10/2018, data approssimativa). Prima era in adozione a distanza (post del 20/09/2017)",https://www.facebook.com/photo/?fbid=498065494003379
37,Mulan,crea,,adottato,SI,2019-10-21,Mulan.jpg,,1,,"Adottato prima dell'uso dell'app (post Facebook del 21/10/2019, data approssimativa). Prima era in adozione a distanza (post del 02/05/2019)",https://www.facebook.com/photo/?fbid=711335906009669
38,Nadine,crea,,adottato,SI,2018-10-27,Nadine.jpg,,1,,"Adottato prima dell'uso dell'app (post Facebook del 27/10/2018, data approssimativa).",https://www.facebook.com/photo/?fbid=498064757336786
39,Nancy,crea,,adottato,SI,2019-01-29,Nancy.jpg,,1,,"Adottato prima dell'uso dell'app (post Facebook del 29/01/2019, data approssimativa).",https://www.facebook.com/photo/?fbid=550766432066618
40,Neve,crea,,adottato,SI,2018-10-27,Neve.jpg,,1,,"Adottato prima dell'uso dell'app (post Facebook del 27/10/2018, data approssimativa).",https://www.facebook.com/photo/?fbid=498065204003408
41,Noel,crea,,adottato,SI,2018-10-27,Noel.jpg,Noel_2.jpg|Noel_3.jpg|Noel_4.jpg|Noel_5.jpg|Noel_6.jpg|Noel_7.jpg|Noel_8.jpg|Noel_9.jpg|Noel_10.jpg,10,,"Adottato prima dell'uso dell'app (post Facebook del 27/10/2018, data approssimativa).",https://www.facebook.com/photo/?fbid=498065704003358
42,Olivia,crea,,adottato,SI,2018-10-27,Olivia.jpg,,1,,"Adottato prima dell'uso dell'app (post Facebook del 27/10/2018, data approssimativa).",https://www.facebook.com/photo/?fbid=498065657336696
43,Oscar,crea,,adottato,SI,2018-10-27,Oscar.jpg,,1,,"Adottato prima dell'uso dell'app (post Facebook del 27/10/2018, data approssimativa).",https://www.facebook.com/photo/?fbid=498064977336764
44,Paola,crea,,adottato,SI,2019-01-29,Paola.jpg,,1,,"Adottato prima dell'uso dell'app (post Facebook del 29/01/2019, data approssimativa).",https://www.facebook.com/photo/?fbid=550766395399955
45,Peppa,crea,,adottato,SI,2018-10-27,Peppa.jpg,,1,,"Adottato prima dell'uso dell'app (post Facebook del 27/10/2018, data approssimativa).",https://www.facebook.com/photo/?fbid=498064720670123
46,Pisolo,crea,,adottato,SI,2018-10-27,Pisolo.jpg,,1,,"Adottato prima dell'uso dell'app (post Facebook del 27/10/2018, data approssimativa).",https://www.facebook.com/photo/?fbid=498064844003444
47,Pol,crea,,adottato,SI,2019-10-21,Pol.jpg,Pol_2.jpg|Pol_3.jpg|Pol_4.jpg|Pol_5.jpg,5,,"Adottato prima dell'uso dell'app (post Facebook del 21/10/2019, data approssimativa).",https://www.facebook.com/photo/?fbid=711335696009690
48,Pongo,crea,,adottato,SI,2018-10-27,Pongo.jpg,,1,,"Adottato prima dell'uso dell'app (post Facebook del 27/10/2018, data approssimativa).",https://www.facebook.com/photo/?fbid=498065614003367
49,Rodolfo,crea,,adottato,SI,2018-10-27,Rodolfo.jpg,,1,,"Adottato prima dell'uso dell'app (post Facebook del 27/10/2018, data approssimativa).",https://www.facebook.com/photo/?fbid=498064894003439
50,Sally,crea,,adottato,SI,2018-12-17,Sally.jpg,,1,,"Adottato prima dell'uso dell'app (post Facebook del 17/12/2018, data approssimativa).",https://www.facebook.com/photo/?fbid=527373787739216
51,Salvo,crea,,adottato,SI,2019-10-21,Salvo.jpg,,1,,"Adottato prima dell'uso dell'app (post Facebook del 21/10/2019, data approssimativa).",https://www.facebook.com/photo/?fbid=711336072676319
52,Sam (1),crea,,adottato,SI,2018-10-27,Sam_1.jpg,,1,,"Adottato prima dell'uso dell'app (post Facebook del 27/10/2018, data approssimativa). Omonimo: due cani diversi chiamati Sam negli adottati",https://www.facebook.com/photo/?fbid=498064937336768
53,Sam (2),crea,,adottato,SI,2018-10-27,Sam_2.jpg,,1,,"Adottato prima dell'uso dell'app (post Facebook del 27/10/2018, data approssimativa). Omonimo: due cani diversi chiamati Sam negli adottati",https://www.facebook.com/photo/?fbid=498065324003396
54,Sissy,crea,,adottato,SI,2019-10-21,Sissy.jpg,Sissy_2.jpg,2,,"Adottato prima dell'uso dell'app (post Facebook del 21/10/2019, data approssimativa).",https://www.facebook.com/photo/?fbid=711335782676348
55,Sofia,crea,,adottato,SI,2018-10-27,Sofia.jpg,,1,,"Adottato prima dell'uso dell'app (post Facebook del 27/10/2018, data approssimativa).",https://www.facebook.com/photo/?fbid=498068597336402
56,Stella,crea,,adottato,SI,2019-10-21,Stella.jpg,,1,,"Adottato prima dell'uso dell'app (post Facebook del 21/10/2019, data approssimativa).",https://www.facebook.com/photo/?fbid=711336306009629
57,Tobia,crea,,adottato,SI,2018-10-27,Tobia.jpg,,1,,"Adottato prima dell'uso dell'app (post Facebook del 27/10/2018, data approssimativa).",https://www.facebook.com/photo/?fbid=498068107336451
58,Willy,crea,,adottato,SI,2019-01-29,Willy.jpg,,1,,"Adottato prima dell'uso dell'app (post Facebook del 29/01/2019, data approssimativa).",https://www.facebook.com/photo/?fbid=550766452066616
59,Wilma,crea,,adottato,SI,2018-12-17,Wilma.jpg,,1,,"Adottato prima dell'uso dell'app (post Facebook del 17/12/2018, data approssimativa).",https://www.facebook.com/photo/?fbid=527373871072541
60,Yuri,crea,,adottato,SI,2018-10-27,Yuri.jpg,Yuri_2.jpg,2,"Yuri , trovato che correva per le vie di Stigliano in cerca di qualcuno che lo prendesse con se,  pieno di parassiti, sporco e denutrito.  
Poi il cambiamento...","Adottato prima dell'uso dell'app (post Facebook del 27/10/2018, data approssimativa).",https://www.facebook.com/photo/?fbid=498065117336750
61,Zara,crea,,adottato,SI,2017-09-20,Zara.jpg,,1,"Zara , trovata lungo una strada che costeggia il bosco in piena notte , sola e spaventata .
Ora felicemente in preaffido con la sua nuova famiglia che la tratta come una principessa 😍","Adottato prima dell'uso dell'app (post Facebook del 20/09/2017, data approssimativa). Dal post ""Prima e dopo"": ora in preaffido con la nuova famiglia",https://www.facebook.com/photo/?fbid=293923821084215
62,Zelos,crea,,adottato,SI,2017-09-20,Zelos.jpg,,1,"Zelos, salvato da investimento .
Ora in adozione con una bella famiglia e il suo fratellone peloso 😍🐶😍","Adottato prima dell'uso dell'app (post Facebook del 20/09/2017, data approssimativa). Dal post ""Prima e dopo"": ora in adozione con una famiglia",https://www.facebook.com/photo/?fbid=293923931084204
63,Aladdin,crea,,in_rifugio,NO,2019-05-02,Aladdin.jpg,,1,,In adozione a distanza dal 02/05/2019 (Facebook): sostenitore da registrare.,https://www.facebook.com/photo/?fbid=600224440454150
64,Aramis,solo_foto,Aramis,,,,Aramis.jpg,,1,,,https://www.facebook.com/photo/?fbid=600224310454163
65,Ariel,crea,,in_rifugio,NO,2019-05-02,Ariel.jpg,,1,,In adozione a distanza dal 02/05/2019 (Facebook): sostenitore da registrare.,https://www.facebook.com/photo/?fbid=600224670454127
66,Aron,crea,,in_rifugio,NO,2019-05-03,Aron.jpg,,1,,In adozione a distanza dal 03/05/2019 (Facebook): sostenitore da registrare.,https://www.facebook.com/photo/?fbid=601030743706853
67,Athos,crea,,in_rifugio,NO,2019-05-02,Athos.jpg,,1,,In adozione a distanza dal 02/05/2019 (Facebook): sostenitore da registrare.,https://www.facebook.com/photo/?fbid=600224363787491
68,Bella,crea,,in_rifugio,NO,2019-05-02,Bella.jpg,Bella_2.jpg|Bella_3.jpg,3,"Due splendide sorelle di poco più di un anno, taglia grande.
Per loro si cerca adozione di coppia in casa col giardino.
Carattere forte ma affettuoso e giocherellone.
Si affidano sverminate vaccinate e sterilizzate.
Per info ☎️ 3401518100
---
Bella di nome e di fatto , ci ha fatto penare per poterla prendere , molto intimorita... ora è diventata una splendida cagnolina 😍","In adozione a distanza dal 02/05/2019 (Facebook): sostenitore da registrare. Sorella di Lady (album ""LADY E BELLA"")",https://www.facebook.com/photo/?fbid=600225353787392
69,Bella (pastore tedesco),crea,,in_rifugio,NO,2019-05-02,Bella_pastore_tedesco.jpg,,1,,"In adozione a distanza dal 02/05/2019 (Facebook): sostenitore da registrare. Diversa da ""Bella"" (sorella di Lady)",https://www.facebook.com/photo/?fbid=600228553787072
70,Bernie,crea,,in_rifugio,NO,2017-09-20,Bernie.jpg,,1,"Bernie dolcissima cucciola di simil maremmano di circa 2 mesi cerca una famiglia ! 
Per info 3401518100",In adozione a distanza dal 20/09/2017 (Facebook): sostenitore da registrare. Nel post del 2017 cercava famiglia,https://www.facebook.com/photo/?fbid=293926064417324
71,Bianca,crea,,in_rifugio,NO,2017-09-20,Bianca.jpg,,1,"Bianca dolcissima cucciola di simil maremmano di circa 2 mesi cerca una famiglia ! 
Per info 3401518100",In adozione a distanza dal 20/09/2017 (Facebook): sostenitore da registrare. Nel post del 2017 cercava famiglia,https://www.facebook.com/photo/?fbid=293926007750663
72,Cindy,crea,,in_rifugio,NO,2019-05-02,Cindy.jpg,,1,,In adozione a distanza dal 02/05/2019 (Facebook): sostenitore da registrare.,https://www.facebook.com/photo/?fbid=600228490453745
73,Daisy,crea,,in_rifugio,NO,2019-05-02,Daisy.jpg,Daisy_2.jpg|Daisy_3.jpg|Daisy_4.jpg|Daisy_5.jpg|Daisy_6.jpg|Daisy_7.jpg|Daisy_8.jpg|Daisy_9.jpg|Daisy_10.jpg,10,,In adozione a distanza dal 02/05/2019 (Facebook): sostenitore da registrare.,https://www.facebook.com/photo/?fbid=600227157120545
74,Decimo,crea,,in_rifugio,NO,2019-05-02,Decimo.jpg,,1,,In adozione a distanza dal 02/05/2019 (Facebook): sostenitore da registrare.,https://www.facebook.com/photo/?fbid=600228520453742
75,Dolce,crea,,in_rifugio,NO,2019-05-03,Dolce.jpg,Dolce_2.jpg|Dolce_3.jpg|Dolce_4.jpg,4,,In adozione a distanza dal 03/05/2019 (Facebook): sostenitore da registrare.,https://www.facebook.com/photo/?fbid=601030710373523
76,Duca,solo_foto,Duca,,,,Duca.jpg,Duca_2.jpg|Duca_3.jpg|Duca_4.jpg|Duca_5.jpg|Duca_6.jpg|Duca_7.jpg|Duca_8.jpg|Duca_9.jpg|Duca_10.jpg,10,,,https://www.facebook.com/photo/?fbid=600224813787446
77,Elsa,crea,,in_rifugio,NO,2019-05-02,Elsa.jpg,,1,,In adozione a distanza dal 02/05/2019 (Facebook): sostenitore da registrare.,https://www.facebook.com/photo/?fbid=600224693787458
78,Erik,crea,,in_rifugio,NO,2019-05-02,Erik.jpg,,1,,In adozione a distanza dal 02/05/2019 (Facebook): sostenitore da registrare.,https://www.facebook.com/photo/?fbid=600224523787475
79,Flynn,crea,,in_rifugio,NO,2019-05-02,Flynn.jpg,,1,,In adozione a distanza dal 02/05/2019 (Facebook): sostenitore da registrare.,https://www.facebook.com/photo/?fbid=600224547120806
80,Fortunato,crea,,in_rifugio,NO,2019-05-02,Fortunato.jpg,Fortunato_2.jpg,2,,In adozione a distanza dal 02/05/2019 (Facebook): sostenitore da registrare.,https://www.facebook.com/photo/?fbid=600224857120775
81,Giulia,crea,,in_rifugio,NO,2019-05-02,Giulia.jpg,Giulia_2.jpg|Giulia_3.jpg|Giulia_4.jpg|Giulia_5.jpg,5,,In adozione a distanza dal 02/05/2019 (Facebook): sostenitore da registrare. Foto separate riconosciute confrontandole con quelle col nome scritto,https://www.facebook.com/photo/?fbid=600225317120729
82,Hope,crea,,in_rifugio,NO,2019-05-02,Hope.jpg,Hope_2.jpg|Hope_3.jpg|Hope_4.jpg|Hope_5.jpg|Hope_6.jpg,6,"L'abbiamo chiamata Hope perché è il simbolo della speranza, splendida mamma di 7 cuccioli, tutti tratti in salvo, alcuni adottati, altri al rifugio insieme a noi ❤️
Taglia medio grande, circa 4 anni  equilibrata e pacata, la sua calma è tranquillità sono il suo segno distintivo.
Si affida sverminata, vaccinata e sterilizzata
Per info ☎️ 3401518100",In adozione a distanza dal 02/05/2019 (Facebook): sostenitore da registrare.,https://www.facebook.com/photo/?fbid=600224957120765
83,Jack,crea,,in_rifugio,NO,2019-05-02,Jack.jpg,,1,,In adozione a distanza dal 02/05/2019 (Facebook): sostenitore da registrare.,https://www.facebook.com/photo/?fbid=600227130453881
84,Lady,crea,,in_rifugio,NO,2017-09-13,Lady.jpg,Lady_2.jpg|Lady_3.jpg|Lady_4.jpg,4,"Due splendide sorelle di poco più di un anno, taglia grande.
Per loro si cerca adozione di coppia in casa col giardino.
Carattere forte ma affettuoso e giocherellone.
Si affidano sverminate vaccinate e sterilizzate.
Per info ☎️ 3401518100
---
LADY 
4 mesi di morbidezza , coccolona e mangiona come si può vedere dalle  sue forme morbidose😘
---
Lady , insieme ai fratellini trovati pieni di parassiti e rogna , diffidenti e timide ora dolcissime e affettuose😍",In adozione a distanza dal 13/09/2017 (Facebook): sostenitore da registrare.,https://www.facebook.com/photo/?fbid=600224723787455
85,Merida,crea,,in_rifugio,NO,2019-05-02,Merida.jpg,,1,,In adozione a distanza dal 02/05/2019 (Facebook): sostenitore da registrare.,https://www.facebook.com/photo/?fbid=600224640454130
86,Mirtillo,solo_foto,Mirtillo,,,,Mirtillo.jpg,Mirtillo_2.jpg|Mirtillo_3.jpg|Mirtillo_4.jpg,4,,,https://www.facebook.com/photo/?fbid=601030813706846
87,Nina,crea,,in_rifugio,NO,2019-05-02,Nina.jpg,Nina_2.jpg|Nina_3.jpg|Nina_4.jpg|Nina_5.jpg|Nina_6.jpg|Nina_7.jpg,7,"Nina, bellissima cucciolona di circa 7 mesi, taglia medio grande, la sua dolcezza vi ruberà il cuore.
Si affida sverminata e vaccinata previo controllo Preaffido. 
Per info ☎️ 3401518100",In adozione a distanza dal 02/05/2019 (Facebook): sostenitore da registrare.,https://www.facebook.com/photo/?fbid=600225010454093
88,Nuvola,crea,,in_rifugio,NO,2019-05-02,Nuvola.jpg,Nuvola_2.jpg|Nuvola_3.jpg|Nuvola_4.jpg|Nuvola_5.jpg|Nuvola_6.jpg|Nuvola_7.jpg|Nuvola_8.jpg|Nuvola_9.jpg|Nuvola_10.jpg|Nuvola_11.jpg,11,,In adozione a distanza dal 02/05/2019 (Facebook): sostenitore da registrare.,https://www.facebook.com/photo/?fbid=600227183787209
89,Nuxi,crea,,in_rifugio,NO,2019-05-02,Nuxi.jpg,Nuxi_2.jpg|Nuxi_3.jpg|Nuxi_4.jpg|Nuxi_5.jpg|Nuxi_6.jpg|Nuxi_7.jpg|Nuxi_8.jpg,8,"Splendida cucciolona di poco più di un anno, carattere forte, socievole con maschi e femmine.
Si affida esclusivamente a chi possiede casa con giardino.
Si affida sverminata e vaccinata previo controllo Preaffido.
Per info ☎️ 3401518100
---
Nuxi (Nusci) vagava nelle zone limitrofe al paese , terrorizzata , ci abbiamo messo un po', ma  l'abbiamo conquistata 😍",In adozione a distanza dal 02/05/2019 (Facebook): sostenitore da registrare.,https://www.facebook.com/photo/?fbid=600225040454090
90,Perla,crea,,in_rifugio,NO,2019-05-02,Perla.jpg,Perla_2.jpg,2,,In adozione a distanza dal 02/05/2019 (Facebook): sostenitore da registrare.,https://www.facebook.com/photo/?fbid=600225103787417
91,Porthos,crea,,in_rifugio,NO,2019-05-02,Porthos.jpg,,1,,In adozione a distanza dal 02/05/2019 (Facebook): sostenitore da registrare.,https://www.facebook.com/photo/?fbid=600224397120821
92,Siria,crea,,in_rifugio,NO,2019-05-03,Siria.jpg,,1,,In adozione a distanza dal 03/05/2019 (Facebook): sostenitore da registrare.,https://www.facebook.com/photo/?fbid=601030783706849
93,Stracciatella,crea,,in_rifugio,NO,2017-09-13,Stracciatella.jpg,,1,"STRACCIATELLA 
Segni particolari bellissimo ! Dolcissimo, abbandonato per le strade di Stigliano , dolcissimo e affettuoso 😍",In adozione a distanza dal 13/09/2017 (Facebook): sostenitore da registrare.,https://www.facebook.com/photo/?fbid=291600114649919
94,Timidone (Tim),crea,,in_rifugio,NO,2017-09-13,Timidone_Tim.jpg,,1,"TIMIDONE  (noto Tim ) 
Il nome dice tutto, il gigante buono , molto diffidente e spaventato dalle persone altrettanto dolce con tutti gli altri cani di qualsiasi età e taglia ❤",In adozione a distanza dal 13/09/2017 (Facebook): sostenitore da registrare.,https://www.facebook.com/photo/?fbid=291600137983250
95,Totò,solo_foto,Totò,,,,Toto.jpg,Toto_2.jpg|Toto_3.jpg|Toto_4.jpg|Toto_5.jpg|Toto_6.jpg|Toto_7.jpg|Toto_8.jpg|Toto_9.jpg,9,,,https://www.facebook.com/photo/?fbid=600227200453874
96,Turbo,crea,,in_rifugio,NO,2017-09-13,Turbo.jpg,Turbo_2.jpg|Turbo_3.jpg|Turbo_4.jpg|Turbo_5.jpg,5,"Turbo, circa 2 anni, giocherellone e affettuoso, compatibile con le femmine taglia medio piccola.
Si affida sverminato e vaccinato previo controllo Preaffido.
Per info ☎️3401518100
---
TURBO 
Chi non conosce Turbo ? Lui è il padrone di Stigliano , indipendente , irriverente , scorrazza per le vie del paese come un piccolo boss 😎",In adozione a distanza dal 13/09/2017 (Facebook): sostenitore da registrare.,https://www.facebook.com/photo/?fbid=600225293787398
97,Ultimo,crea,,in_rifugio,NO,2019-05-02,Ultimo.jpg,,1,,In adozione a distanza dal 02/05/2019 (Facebook): sostenitore da registrare.,https://www.facebook.com/photo/?fbid=600228590453735
98,Wendy,crea,,in_rifugio,NO,2019-05-02,Wendy.jpg,,1,,In adozione a distanza dal 02/05/2019 (Facebook): sostenitore da registrare.,https://www.facebook.com/photo/?fbid=600228460453748
99,Xena,crea,,in_rifugio,NO,2019-05-02,Xena.jpg,,1,,In adozione a distanza dal 02/05/2019 (Facebook): sostenitore da registrare.,https://www.facebook.com/photo/?fbid=600224420454152
100,Zampa,crea,,in_rifugio,NO,2019-05-02,Zampa.jpg,Zampa_2.jpg,2,,In adozione a distanza dal 02/05/2019 (Facebook): sostenitore da registrare.,https://www.facebook.com/photo/?fbid=600225203787407
101,Blue,crea,,in_rifugio,NO,2018-07-30,Blue.jpg,Blue_2.jpg,2,,Stato da verificare: su Facebook (post del 30/07/2018) senza indicazione di adozione. Non compare negli album adozioni: stato non indicato su Facebook,https://www.facebook.com/photo/?fbid=443982609411668
102,Lillo,crea,,in_rifugio,NO,2017-09-12,Lillo.jpg,,1,"Lillo, c'è stato segnalato un cagnolino microscopio completamente immerso nell'olio per automobili,  l'abbiamo trovato in condizioni pietose e la paura più grande era che avesse ingerito l'olio .
Guardatelo ora questo splendido batuffolo 😊","Stato da verificare: su Facebook (post del 12/09/2017) senza indicazione di adozione. Compare solo nell'album ""Prima e dopo""",https://www.facebook.com/photo/?fbid=291306081345989
103,Molly,solo_foto,Molly,,,,Molly.jpg,Molly_2.jpg|Molly_3.jpg|Molly_4.jpg|Molly_5.jpg|Molly_6.jpg,6,,,https://www.facebook.com/photo/?fbid=471953576614571
104,Mosè,crea,,in_rifugio,NO,2018-07-30,Mose.jpg,,1,,Stato da verificare: su Facebook (post del 30/07/2018) senza indicazione di adozione. Non compare negli album adozioni: stato non indicato su Facebook,https://www.facebook.com/photo/?fbid=443982712744991
105,Nuvoletta,crea,,in_rifugio,NO,2018-07-30,Nuvoletta.jpg,Nuvoletta_2.jpg,2,,Stato da verificare: su Facebook (post del 30/07/2018) senza indicazione di adozione. Non compare negli album adozioni: stato non indicato su Facebook,https://www.facebook.com/photo/?fbid=443982659411663
106,Orsetta,crea,,in_rifugio,NO,2018-07-30,Orsetta.jpg,,1,,Stato da verificare: su Facebook (post del 30/07/2018) senza indicazione di adozione. Non compare negli album adozioni: stato non indicato su Facebook,https://www.facebook.com/photo/?fbid=443982219411707
