file,cane,caneNellApp,copertina,ordine
Aaron.jpg,Aaron,Aaron,SI,1
Akira.jpg,Akira,Akira,SI,1
Angy.jpg,Angy,Angy,SI,1
Arturo.jpg,Arturo,Arturo,SI,1
Baba.jpg,Babà,Babà,SI,1
Bia.jpg,Bia,Bia,SI,1
Bia_2.jpg,Bia,Bia,NO,2
Bia_3.jpg,Bia,Bia,NO,3
Bigne.jpg,Bignè,Bignè,SI,1
Biscotto.jpg,Biscotto,Biscotto,SI,1
Brenda.jpg,Brenda,Brenda,SI,1
Brontolo.jpg,Brontolo,Brontolo,SI,1
Bruce.jpg,Bruce,Bruce,SI,1
Cake.jpg,Cake,Cake,SI,1
Candy.jpg,Candy,Candy,SI,1
Chanel.jpg,Chanel,Chanel,SI,1
Chanel_2.jpg,Chanel,Chanel,NO,2
Chanel_3.jpg,Chanel,Chanel,NO,3
Chanel_4.jpg,Chanel,Chanel,NO,4
Chanel_5.jpg,Chanel,Chanel,NO,5
Chanel_6.jpg,Chanel,Chanel,NO,6
Chanel_7.jpg,Chanel,Chanel,NO,7
Chanel_8.jpg,Chanel,Chanel,NO,8
Chiara.jpg,Chiara,Chiara,SI,1
Chloe.jpg,Chloe,Chloe,SI,1
Chloe_2.jpg,Chloe,Chloe,NO,2
Dadina.jpg,Dadina,Dadina,SI,1
Diana.jpg,Diana,Diana,SI,1
Diana_2.jpg,Diana,Diana,NO,2
Diana_3.jpg,Diana,Diana,NO,3
Dior.jpg,Dior,Dior,SI,1
Dixie.jpg,Dixie,Dixie,SI,1
Dixie_2.jpg,Dixie,Dixie,NO,2
Farah.jpg,Farah,Farah,SI,1
Floppy.jpg,Floppy,Floppy,SI,1
Floppy_2.jpg,Floppy,Floppy,NO,2
Floppy_3.jpg,Floppy,Floppy,NO,3
Floppy_4.jpg,Floppy,Floppy,NO,4
Floppy_5.jpg,Floppy,Floppy,NO,5
Floppy_6.jpg,Floppy,Floppy,NO,6
Floppy_7.jpg,Floppy,Floppy,NO,7
Floppy_8.jpg,Floppy,Floppy,NO,8
Floppy_9.jpg,Floppy,Floppy,NO,9
Floppy_10.jpg,Floppy,Floppy,NO,10
Floppy_11.jpg,Floppy,Floppy,NO,11
Floppy_12.jpg,Floppy,Floppy,NO,12
Floppy_13.jpg,Floppy,Floppy,NO,13
Floppy_14.jpg,Floppy,Floppy,NO,14
Floppy_15.jpg,Floppy,Floppy,NO,15
Floppy_16.jpg,Floppy,Floppy,NO,16
Floppy_17.jpg,Floppy,Floppy,NO,17
Floppy_18.jpg,Floppy,Floppy,NO,18
Floppy_19.jpg,Floppy,Floppy,NO,19
Floppy_20.jpg,Floppy,Floppy,NO,20
Flora.jpg,Flora,Flora,SI,1
Flora_2.jpg,Flora,Flora,NO,2
Flora_3.jpg,Flora,Flora,NO,3
Flora_4.jpg,Flora,Flora,NO,4
Ginevra.jpg,Ginevra,Ginevra,SI,1
Grace.jpg,Grace,Grace,SI,1
Ice.jpg,Ice,Ice,SI,1
Kratos.jpg,Kratos,Kratos,SI,1
Kratos_2.jpg,Kratos,Kratos,NO,2
Kratos_3.jpg,Kratos,Kratos,NO,3
Layla.jpg,Layla,Layla,SI,1
Layla_2.jpg,Layla,Layla,NO,2
Layla_3.jpg,Layla,Layla,NO,3
Layla_4.jpg,Layla,Layla,NO,4
Layla_5.jpg,Layla,Layla,NO,5
Layla_6.jpg,Layla,Layla,NO,6
Layla_7.jpg,Layla,Layla,NO,7
Layla_8.jpg,Layla,Layla,NO,8
Layla_9.jpg,Layla,Layla,NO,9
Layla_10.jpg,Layla,Layla,NO,10
Layla_11.jpg,Layla,Layla,NO,11
Layla_12.jpg,Layla,Layla,NO,12
Layla_13.jpg,Layla,Layla,NO,13
Layla_14.jpg,Layla,Layla,NO,14
Layla_15.jpg,Layla,Layla,NO,15
Layla_16.jpg,Layla,Layla,NO,16
Leo.jpg,Leo,Leo,SI,1
Luna.jpg,Luna,Luna,SI,1
Marta.jpg,Marta,Marta,SI,1
Max.jpg,Max,Max,SI,1
Max_2.jpg,Max,Max,NO,2
Miele.jpg,Miele,Miele,SI,1
Miele_2.jpg,Miele,Miele,NO,2
Miele_3.jpg,Miele,Miele,NO,3
Miele_4.jpg,Miele,Miele,NO,4
Miele_5.jpg,Miele,Miele,NO,5
Miele_6.jpg,Miele,Miele,NO,6
Miele_7.jpg,Miele,Miele,NO,7
Miele_8.jpg,Miele,Miele,NO,8
Miele_9.jpg,Miele,Miele,NO,9
Miele_10.jpg,Miele,Miele,NO,10
Miele_11.jpg,Miele,Miele,NO,11
Milka.jpg,Milka,Milka,SI,1
Milly.jpg,Milly,Milly,SI,1
Muffin.jpg,Muffin,Muffin,SI,1
Mulan.jpg,Mulan,Mulan,SI,1
Nadine.jpg,Nadine,Nadine,SI,1
Nancy.jpg,Nancy,Nancy,SI,1
Neve.jpg,Neve,Neve,SI,1
Noel.jpg,Noel,Noel,SI,1
Noel_2.jpg,Noel,Noel,NO,2
Noel_3.jpg,Noel,Noel,NO,3
Noel_4.jpg,Noel,Noel,NO,4
Noel_5.jpg,Noel,Noel,NO,5
Noel_6.jpg,Noel,Noel,NO,6
Noel_7.jpg,Noel,Noel,NO,7
Noel_8.jpg,Noel,Noel,NO,8
Noel_9.jpg,Noel,Noel,NO,9
Noel_10.jpg,Noel,Noel,NO,10
Olivia.jpg,Olivia,Olivia,SI,1
Oscar.jpg,Oscar,Oscar,SI,1
Paola.jpg,Paola,Paola,SI,1
Peppa.jpg,Peppa,Peppa,SI,1
Pisolo.jpg,Pisolo,Pisolo,SI,1
Pol.jpg,Pol,Pol,SI,1
Pol_2.jpg,Pol,Pol,NO,2
Pol_3.jpg,Pol,Pol,NO,3
Pol_4.jpg,Pol,Pol,NO,4
Pol_5.jpg,Pol,Pol,NO,5
Pongo.jpg,Pongo,Pongo,SI,1
Rodolfo.jpg,Rodolfo,Rodolfo,SI,1
Sally.jpg,Sally,Sally,SI,1
Salvo.jpg,Salvo,Salvo,SI,1
Sam_1.jpg,Sam (1),Sam (1),SI,1
Sam_2.jpg,Sam (2),Sam (2),SI,1
Sissy.jpg,Sissy,Sissy,SI,1
Sissy_2.jpg,Sissy,Sissy,NO,2
Sofia.jpg,Sofia,Sofia,SI,1
Stella.jpg,Stella,Stella,SI,1
Tobia.jpg,Tobia,Tobia,SI,1
Willy.jpg,Willy,Willy,SI,1
Wilma.jpg,Wilma,Wilma,SI,1
Yuri.jpg,Yuri,Yuri,SI,1
Yuri_2.jpg,Yuri,Yuri,NO,2
Zara.jpg,Zara,Zara,SI,1
Zelos.jpg,Zelos,Zelos,SI,1
Aladdin.jpg,Aladdin,Aladdin,SI,1
Aramis.jpg,Aramis,Aramis,SI,1
Ariel.jpg,Ariel,Ariel,SI,1
Aron.jpg,Aron,Aron,SI,1
Athos.jpg,Athos,Athos,SI,1
Bella.jpg,Bella,Bella,SI,1
Bella_2.jpg,Bella,Bella,NO,2
Bella_3.jpg,Bella,Bella,NO,3
Bella_pastore_tedesco.jpg,Bella (pastore tedesco),Bella (pastore tedesco),SI,1
Bernie.jpg,Bernie,Bernie,SI,1
Bianca.jpg,Bianca,Bianca,SI,1
Cindy.jpg,Cindy,Cindy,SI,1
Daisy.jpg,Daisy,Daisy,SI,1
Daisy_2.jpg,Daisy,Daisy,NO,2
Daisy_3.jpg,Daisy,Daisy,NO,3
Daisy_4.jpg,Daisy,Daisy,NO,4
Daisy_5.jpg,Daisy,Daisy,NO,5
Daisy_6.jpg,Daisy,Daisy,NO,6
Daisy_7.jpg,Daisy,Daisy,NO,7
Daisy_8.jpg,Daisy,Daisy,NO,8
Daisy_9.jpg,Daisy,Daisy,NO,9
Daisy_10.jpg,Daisy,Daisy,NO,10
Decimo.jpg,Decimo,Decimo,SI,1
Dolce.jpg,Dolce,Dolce,SI,1
Dolce_2.jpg,Dolce,Dolce,NO,2
Dolce_3.jpg,Dolce,Dolce,NO,3
Dolce_4.jpg,Dolce,Dolce,NO,4
Duca.jpg,Duca,Duca,SI,1
Duca_2.jpg,Duca,Duca,NO,2
Duca_3.jpg,Duca,Duca,NO,3
Duca_4.jpg,Duca,Duca,NO,4
Duca_5.jpg,Duca,Duca,NO,5
Duca_6.jpg,Duca,Duca,NO,6
Duca_7.jpg,Duca,Duca,NO,7
Duca_8.jpg,Duca,Duca,NO,8
Duca_9.jpg,Duca,Duca,NO,9
Duca_10.jpg,Duca,Duca,NO,10
Elsa.jpg,Elsa,Elsa,SI,1
Erik.jpg,Erik,Erik,SI,1
Flynn.jpg,Flynn,Flynn,SI,1
Fortunato.jpg,Fortunato,Fortunato,SI,1
Fortunato_2.jpg,Fortunato,Fortunato,NO,2
Giulia.jpg,Giulia,Giulia,SI,1
Giulia_2.jpg,Giulia,Giulia,NO,2
Giulia_3.jpg,Giulia,Giulia,NO,3
Giulia_4.jpg,Giulia,Giulia,NO,4
Giulia_5.jpg,Giulia,Giulia,NO,5
Hope.jpg,Hope,Hope,SI,1
Hope_2.jpg,Hope,Hope,NO,2
Hope_3.jpg,Hope,Hope,NO,3
Hope_4.jpg,Hope,Hope,NO,4
Hope_5.jpg,Hope,Hope,NO,5
Hope_6.jpg,Hope,Hope,NO,6
Jack.jpg,Jack,Jack,SI,1
Lady.jpg,Lady,Lady,SI,1
Lady_2.jpg,Lady,Lady,NO,2
Lady_3.jpg,Lady,Lady,NO,3
Lady_4.jpg,Lady,Lady,NO,4
Merida.jpg,Merida,Merida,SI,1
Mirtillo.jpg,Mirtillo,Mirtillo,SI,1
Mirtillo_2.jpg,Mirtillo,Mirtillo,NO,2
Mirtillo_3.jpg,Mirtillo,Mirtillo,NO,3
Mirtillo_4.jpg,Mirtillo,Mirtillo,NO,4
Nina.jpg,Nina,Nina,SI,1
Nina_2.jpg,Nina,Nina,NO,2
Nina_3.jpg,Nina,Nina,NO,3
Nina_4.jpg,Nina,Nina,NO,4
Nina_5.jpg,Nina,Nina,NO,5
Nina_6.jpg,Nina,Nina,NO,6
Nina_7.jpg,Nina,Nina,NO,7
Nuvola.jpg,Nuvola,Nuvola,SI,1
Nuvola_2.jpg,Nuvola,Nuvola,NO,2
Nuvola_3.jpg,Nuvola,Nuvola,NO,3
Nuvola_4.jpg,Nuvola,Nuvola,NO,4
Nuvola_5.jpg,Nuvola,Nuvola,NO,5
Nuvola_6.jpg,Nuvola,Nuvola,NO,6
Nuvola_7.jpg,Nuvola,Nuvola,NO,7
Nuvola_8.jpg,Nuvola,Nuvola,NO,8
Nuvola_9.jpg,Nuvola,Nuvola,NO,9
Nuvola_10.jpg,Nuvola,Nuvola,NO,10
Nuvola_11.jpg,Nuvola,Nuvola,NO,11
Nuxi.jpg,Nuxi,Nuxi,SI,1
Nuxi_2.jpg,Nuxi,Nuxi,NO,2
Nuxi_3.jpg,Nuxi,Nuxi,NO,3
Nuxi_4.jpg,Nuxi,Nuxi,NO,4
Nuxi_5.jpg,Nuxi,Nuxi,NO,5
Nuxi_6.jpg,Nuxi,Nuxi,NO,6
Nuxi_7.jpg,Nuxi,Nuxi,NO,7
Nuxi_8.jpg,Nuxi,Nuxi,NO,8
Perla.jpg,Perla,Perla,SI,1
Perla_2.jpg,Perla,Perla,NO,2
Porthos.jpg,Porthos,Porthos,SI,1
Siria.jpg,Siria,Siria,SI,1
Stracciatella.jpg,Stracciatella,Stracciatella,SI,1
Timidone_Tim.jpg,Timidone (Tim),Timidone (Tim),SI,1
Toto.jpg,Totò,Totò,SI,1
Toto_2.jpg,Totò,Totò,NO,2
Toto_3.jpg,Totò,Totò,NO,3
Toto_4.jpg,Totò,Totò,NO,4
Toto_5.jpg,Totò,Totò,NO,5
Toto_6.jpg,Totò,Totò,NO,6
Toto_7.jpg,Totò,Totò,NO,7
Toto_8.jpg,Totò,Totò,NO,8
Toto_9.jpg,Totò,Totò,NO,9
Turbo.jpg,Turbo,Turbo,SI,1
Turbo_2.jpg,Turbo,Turbo,NO,2
Turbo_3.jpg,Turbo,Turbo,NO,3
Turbo_4.jpg,Turbo,Turbo,NO,4
Turbo_5.jpg,Turbo,Turbo,NO,5
Ultimo.jpg,Ultimo,Ultimo,SI,1
Wendy.jpg,Wendy,Wendy,SI,1
Xena.jpg,Xena,Xena,SI,1
Zampa.jpg,Zampa,Zampa,SI,1
Zampa_2.jpg,Zampa,Zampa,NO,2
Blue.jpg,Blue,Blue,SI,1
Blue_2.jpg,Blue,Blue,NO,2
Lillo.jpg,Lillo,Lillo,SI,1
Molly.jpg,Molly,Molly,SI,1
Molly_2.jpg,Molly,Molly,NO,2
Molly_3.jpg,Molly,Molly,NO,3
Molly_4.jpg,Molly,Molly,NO,4
Molly_5.jpg,Molly,Molly,NO,5
Molly_6.jpg,Molly,Molly,NO,6
Mose.jpg,Mosè,Mosè,SI,1
Nuvoletta.jpg,Nuvoletta,Nuvoletta,SI,1
Nuvoletta_2.jpg,Nuvoletta,Nuvoletta,NO,2
Orsetta.jpg,Orsetta,Orsetta,SI,1
